INSERT INTO `Municipality`(`id`,`name`,`constituencyId`,`alias`) VALUES
("aa-en-hunze","Aa en Hunze","drenthe",NULL),
("aalsmeer","Aalsmeer","haarlem",NULL),
("aalten","Aalten","arnhem",NULL),
("achtkarspelen","Achtkarspelen","fryslan",NULL),
("alblasserdam","Alblasserdam","dordrecht",NULL),
("albrandswaard","Albrandswaard","dordrecht",NULL),
("alkmaar","Alkmaar","den-helder",NULL),
("almelo","Almelo","overijssel",NULL),
("almere","Almere","flevoland",NULL),
("alphen-aan-den-rijn","Alphen aan den Rijn","leiden",NULL),
("alphen-chaam","Alphen-Chaam","tilburg",NULL),
("altena","Altena","tilburg",NULL),
("ameland","Ameland","fryslan",NULL),
("amersfoort","Amersfoort","utrecht",NULL),
("amstelveen","Amstelveen","haarlem",NULL),
("amsterdam","Amsterdam","amsterdam",NULL),
("apeldoorn","Apeldoorn","arnhem",NULL),
("arnhem","Arnhem","arnhem",NULL),
("assen","Assen","drenthe",NULL),
("asten","Asten","s-hertogenbosch",NULL),
("baarle-nassau","Baarle-Nassau","tilburg",NULL),
("baarn","Baarn","utrecht",NULL),
("barendrecht","Barendrecht","dordrecht",NULL),
("barneveld","Barneveld","arnhem",NULL),
("beek","Beek","maastricht",NULL),
("beekdaelen","Beekdaelen","maastricht",NULL),
("beesel","Beesel","venlo",NULL),
("berg-en-dal","Berg en Dal","nijmegen",NULL),
("bergeijk","Bergeijk","s-hertogenbosch",NULL),
("bergen-l","Bergen (L.)","venlo",NULL),
("bergen-nh","Bergen (NH.)","den-helder",NULL),
("bergen-op-zoom","Bergen op Zoom","tilburg",NULL),
("berkelland","Berkelland","arnhem",NULL),
("bernheze","Bernheze","s-hertogenbosch",NULL),
("best","Best","s-hertogenbosch",NULL),
("beuningen","Beuningen","nijmegen",NULL),
("beverwijk","Beverwijk","haarlem",NULL),
("bladel","Bladel","s-hertogenbosch",NULL),
("blaricum","Blaricum","haarlem",NULL),
("bloemendaal","Bloemendaal","haarlem",NULL),
("bodegraven-reeuwijk","Bodegraven-Reeuwijk","leiden",NULL),
("boekel","Boekel","s-hertogenbosch",NULL),
("borger-odoorn","Borger-Odoorn","drenthe",NULL),
("borne","Borne","overijssel",NULL),
("borsele","Borsele","zeeland",NULL),
("boxtel","Boxtel","s-hertogenbosch",NULL),
("breda","Breda","tilburg",NULL),
("bronckhorst","Bronckhorst","arnhem",NULL),
("brummen","Brummen","arnhem",NULL),
("brunssum","Brunssum","maastricht",NULL),
("bunnik","Bunnik","utrecht",NULL),
("bunschoten","Bunschoten","utrecht",NULL),
("buren","Buren","nijmegen",NULL),
("capelle-aan-den-ijssel","Capelle aan den IJssel","leiden",NULL),
("castricum","Castricum","den-helder",NULL),
("coevorden","Coevorden","drenthe",NULL),
("cranendonck","Cranendonck","s-hertogenbosch",NULL),
("culemborg","Culemborg","nijmegen",NULL),
("dalfsen","Dalfsen","overijssel",NULL),
("dantumadiel","Dantumadiel","fryslan",NULL),
("de-bilt","De Bilt","utrecht",NULL),
("de-fryske-marren","De Fryske Marren","fryslan",NULL),
("de-ronde-venen","De Ronde Venen","utrecht",NULL),
("de-wolden","De Wolden","drenthe",NULL),
("delft","Delft","dordrecht",NULL),
("den-helder","Den Helder","den-helder",NULL),
("deurne","Deurne","s-hertogenbosch",NULL),
("deventer","Deventer","overijssel",NULL),
("diemen","Diemen","haarlem",NULL),
("dijk-en-waard","Dijk en Waard","den-helder",NULL),
("dinkelland","Dinkelland","overijssel",NULL),
("doesburg","Doesburg","arnhem",NULL),
("doetinchem","Doetinchem","arnhem",NULL),
("dongen","Dongen","tilburg",NULL),
("dordrecht","Dordrecht","dordrecht",NULL),
("drechterland","Drechterland","den-helder",NULL),
("drimmelen","Drimmelen","tilburg",NULL),
("dronten","Dronten","flevoland",NULL),
("druten","Druten","nijmegen",NULL),
("duiven","Duiven","arnhem",NULL),
("echt-susteren","Echt-Susteren","venlo",NULL),
("edam-volendam","Edam-Volendam","den-helder",NULL),
("ede","Ede","arnhem",NULL),
("eemnes","Eemnes","utrecht",NULL),
("eemsdelta","Eemsdelta","groningen",NULL),
("eersel","Eersel","s-hertogenbosch",NULL),
("eijsden-margraten","Eijsden-Margraten","maastricht",NULL),
("eindhoven","Eindhoven","s-hertogenbosch",NULL),
("elburg","Elburg","arnhem",NULL),
("emmen","Emmen","drenthe",NULL),
("enkhuizen","Enkhuizen","den-helder",NULL),
("enschede","Enschede","overijssel",NULL),
("epe","Epe","arnhem",NULL),
("ermelo","Ermelo","arnhem",NULL),
("etten-leur","Etten-Leur","tilburg",NULL),
("geertruidenberg","Geertruidenberg","tilburg",NULL),
("geldrop-mierlo","Geldrop-Mierlo","s-hertogenbosch",NULL),
("gemert-bakel","Gemert-Bakel","s-hertogenbosch",NULL),
("gennep","Gennep","venlo",NULL),
("gilze-en-rijen","Gilze en Rijen","tilburg",NULL),
("goeree-overflakkee","Goeree-Overflakkee","dordrecht",NULL),
("goes","Goes","zeeland",NULL),
("goirle","Goirle","tilburg",NULL),
("gooise-meren","Gooise Meren","haarlem",NULL),
("gorinchem","Gorinchem","dordrecht",NULL),
("gouda","Gouda","leiden",NULL),
("groningen","Groningen","groningen",NULL),
("gulpen-wittem","Gulpen-Wittem","maastricht",NULL),
("haaksbergen","Haaksbergen","overijssel",NULL),
("haarlem","Haarlem","haarlem",NULL),
("haarlemmermeer","Haarlemmermeer","haarlem",NULL),
("halderberge","Halderberge","tilburg",NULL),
("hardenberg","Hardenberg","overijssel",NULL),
("harderwijk","Harderwijk","arnhem",NULL),
("hardinxveld-giessendam","Hardinxveld-Giessendam","dordrecht",NULL),
("harlingen","Harlingen","fryslan",NULL),
("hattem","Hattem","arnhem",NULL),
("heemskerk","Heemskerk","haarlem",NULL),
("heemstede","Heemstede","haarlem",NULL),
("heerde","Heerde","arnhem",NULL),
("heerenveen","Heerenveen","fryslan",NULL),
("heerlen","Heerlen","maastricht",NULL),
("heeze-leende","Heeze-Leende","s-hertogenbosch",NULL),
("heiloo","Heiloo","den-helder",NULL),
("hellendoorn","Hellendoorn","overijssel",NULL),
("helmond","Helmond","s-hertogenbosch",NULL),
("hendrik-ido-ambacht","Hendrik-Ido-Ambacht","dordrecht",NULL),
("hengelo","Hengelo","overijssel",NULL),
("het-hogeland","Het Hogeland","groningen",NULL),
("heumen","Heumen","nijmegen",NULL),
("heusden","Heusden","s-hertogenbosch",NULL),
("hillegom","Hillegom","leiden",NULL),
("hilvarenbeek","Hilvarenbeek","tilburg",NULL),
("hilversum","Hilversum","haarlem",NULL),
("hoeksche-waard","Hoeksche Waard","dordrecht",NULL),
("hof-van-twente","Hof van Twente","overijssel",NULL),
("hollands-kroon","Hollands Kroon","den-helder",NULL),
("hoogeveen","Hoogeveen","drenthe",NULL),
("hoorn","Hoorn","den-helder",NULL),
("horst-aan-de-maas","Horst aan de Maas","venlo",NULL),
("houten","Houten","utrecht",NULL),
("huizen","Huizen","haarlem",NULL),
("hulst","Hulst","zeeland",NULL),
("ijsselstein","IJsselstein","utrecht",NULL),
("kaag-en-braassem","Kaag en Braassem","leiden",NULL),
("kampen","Kampen","overijssel",NULL),
("kapelle","Kapelle","zeeland",NULL),
("katwijk","Katwijk","leiden",NULL),
("kerkrade","Kerkrade","maastricht",NULL),
("koggenland","Koggenland","den-helder",NULL),
("krimpen-aan-den-ijssel","Krimpen aan den IJssel","leiden",NULL),
("krimpenerwaard","Krimpenerwaard","leiden",NULL),
("laarbeek","Laarbeek","s-hertogenbosch",NULL),
("land-van-cuijk","Land van Cuijk","s-hertogenbosch",NULL),
("landgraaf","Landgraaf","maastricht",NULL),
("landsmeer","Landsmeer","den-helder",NULL),
("lansingerland","Lansingerland","leiden",NULL),
("laren","Laren","haarlem",NULL),
("leeuwarden","Leeuwarden","fryslan",NULL),
("leiden","Leiden","leiden",NULL),
("leiderdorp","Leiderdorp","leiden",NULL),
("leidschendam-voorburg","Leidschendam-Voorburg","leiden",NULL),
("lelystad","Lelystad","flevoland",NULL),
("leudal","Leudal","venlo",NULL),
("leusden","Leusden","utrecht",NULL),
("lingewaard","Lingewaard","arnhem",NULL),
("lisse","Lisse","leiden",NULL),
("lochem","Lochem","arnhem",NULL),
("loon-op-zand","Loon op Zand","tilburg",NULL),
("lopik","Lopik","utrecht",NULL),
("losser","Losser","overijssel",NULL),
("maasdriel","Maasdriel","nijmegen",NULL),
("maasgouw","Maasgouw","venlo",NULL),
("maashorst","Maashorst","s-hertogenbosch",NULL),
("maassluis","Maassluis","dordrecht",NULL),
("maastricht","Maastricht","maastricht",NULL),
("medemblik","Medemblik","den-helder",NULL),
("meerssen","Meerssen","maastricht",NULL),
("meierijstad","Meierijstad","s-hertogenbosch",NULL),
("meppel","Meppel","drenthe",NULL),
("middelburg","Middelburg","zeeland",NULL),
("midden-delfland","Midden-Delfland","dordrecht",NULL),
("midden-drenthe","Midden-Drenthe","drenthe",NULL),
("midden-groningen","Midden-Groningen","groningen",NULL),
("moerdijk","Moerdijk","tilburg",NULL),
("molenlanden","Molenlanden","dordrecht",NULL),
("montferland","Montferland","arnhem",NULL),
("montfoort","Montfoort","utrecht",NULL),
("mook-en-middelaar","Mook en Middelaar","venlo",NULL),
("neder-betuwe","Neder-Betuwe","nijmegen",NULL),
("nederweert","Nederweert","venlo",NULL),
("nieuwegein","Nieuwegein","utrecht",NULL),
("nieuwkoop","Nieuwkoop","leiden",NULL),
("nijkerk","Nijkerk","arnhem",NULL),
("nijmegen","Nijmegen","nijmegen",NULL),
("nissewaard","Nissewaard","dordrecht",NULL),
("noardeast-fryslan","Noardeast-Fryslân","fryslan",NULL),
("noord-beveland","Noord-Beveland","zeeland",NULL),
("noordenveld","Noordenveld","drenthe",NULL),
("noordoostpolder","Noordoostpolder","flevoland",NULL),
("noordwijk","Noordwijk","leiden",NULL),
("nuenen-gerwen-en-nederwetten","Nuenen, Gerwen en Nederwetten","s-hertogenbosch",NULL),
("nunspeet","Nunspeet","arnhem",NULL),
("oegstgeest","Oegstgeest","leiden",NULL),
("oirschot","Oirschot","s-hertogenbosch",NULL),
("oisterwijk","Oisterwijk","tilburg",NULL),
("oldambt","Oldambt","groningen",NULL),
("oldebroek","Oldebroek","arnhem",NULL),
("oldenzaal","Oldenzaal","overijssel",NULL),
("olst-wijhe","Olst-Wijhe","overijssel",NULL),
("ommen","Ommen","overijssel",NULL),
("oost-gelre","Oost Gelre","arnhem",NULL),
("oosterhout","Oosterhout","tilburg",NULL),
("ooststellingwerf","Ooststellingwerf","fryslan",NULL),
("oostzaan","Oostzaan","den-helder",NULL),
("opmeer","Opmeer","den-helder",NULL),
("opsterland","Opsterland","fryslan",NULL),
("oss","Oss","s-hertogenbosch",NULL),
("oude-ijsselstreek","Oude IJsselstreek","arnhem",NULL),
("ouder-amstel","Ouder-Amstel","haarlem",NULL),
("oudewater","Oudewater","utrecht",NULL),
("overbetuwe","Overbetuwe","arnhem",NULL),
("papendrecht","Papendrecht","dordrecht",NULL),
("peel-en-maas","Peel en Maas","venlo",NULL),
("pekela","Pekela","groningen",NULL),
("pijnacker-nootdorp","Pijnacker-Nootdorp","leiden",NULL),
("purmerend","Purmerend","den-helder",NULL),
("putten","Putten","arnhem",NULL),
("raalte","Raalte","overijssel",NULL),
("reimerswaal","Reimerswaal","zeeland",NULL),
("renkum","Renkum","arnhem",NULL),
("renswoude","Renswoude","utrecht",NULL),
("reusel-de-mierden","Reusel-De Mierden","s-hertogenbosch",NULL),
("rheden","Rheden","arnhem",NULL),
("rhenen","Rhenen","utrecht",NULL),
("ridderkerk","Ridderkerk","dordrecht",NULL),
("rijssen-holten","Rijssen-Holten","overijssel",NULL),
("rijswijk","Rijswijk","dordrecht",NULL),
("roerdalen","Roerdalen","venlo",NULL),
("roermond","Roermond","venlo",NULL),
("roosendaal","Roosendaal","tilburg",NULL),
("rotterdam","Rotterdam","rotterdam",NULL),
("rozendaal","Rozendaal","arnhem",NULL),
("rucphen","Rucphen","tilburg",NULL),
("s-gravenhage","\'s-Gravenhage","s-gravenhage",NULL),
("s-hertogenbosch","\'s-Hertogenbosch","s-hertogenbosch",NULL),
("schagen","Schagen","den-helder",NULL),
("scherpenzeel","Scherpenzeel","arnhem",NULL),
("schiedam","Schiedam","dordrecht",NULL),
("schiermonnikoog","Schiermonnikoog","fryslan",NULL),
("schouwen-duiveland","Schouwen-Duiveland","zeeland",NULL),
("simpelveld","Simpelveld","maastricht",NULL),
("sint-michielsgestel","Sint-Michielsgestel","s-hertogenbosch",NULL),
("sittard-geleen","Sittard-Geleen","maastricht",NULL),
("sliedrecht","Sliedrecht","dordrecht",NULL),
("sluis","Sluis","zeeland",NULL),
("smallingerland","Smallingerland","fryslan",NULL),
("soest","Soest","utrecht",NULL),
("someren","Someren","s-hertogenbosch",NULL),
("son-en-breugel","Son en Breugel","s-hertogenbosch",NULL),
("stadskanaal","Stadskanaal","groningen",NULL),
("staphorst","Staphorst","overijssel",NULL),
("stede-broec","Stede Broec","den-helder",NULL),
("steenbergen","Steenbergen","tilburg",NULL),
("steenwijkerland","Steenwijkerland","overijssel",NULL),
("stein","Stein","maastricht",NULL),
("stichtse-vecht","Stichtse Vecht","utrecht",NULL),
("súdwest-fryslan","Súdwest-Fryslân","fryslan",NULL),
("terneuzen","Terneuzen","zeeland",NULL),
("terschelling","Terschelling","fryslan",NULL),
("texel","Texel","den-helder",NULL),
("teylingen","Teylingen","leiden",NULL),
("tholen","Tholen","zeeland",NULL),
("tiel","Tiel","nijmegen",NULL),
("tilburg","Tilburg","tilburg",NULL),
("tubbergen","Tubbergen","overijssel",NULL),
("twenterand","Twenterand","overijssel",NULL),
("tynaarlo","Tynaarlo","drenthe",NULL),
("tytsjerksteradiel","Tytsjerksteradiel","fryslan",NULL),
("uitgeest","Uitgeest","den-helder",NULL),
("uithoorn","Uithoorn","haarlem",NULL),
("urk","Urk","flevoland",NULL),
("utrecht","Utrecht","utrecht",NULL),
("utrechtse-heuvelrug","Utrechtse Heuvelrug","utrecht",NULL),
("vaals","Vaals","maastricht",NULL),
("valkenburg-aan-de-geul","Valkenburg aan de Geul","maastricht",NULL),
("valkenswaard","Valkenswaard","s-hertogenbosch",NULL),
("veendam","Veendam","groningen",NULL),
("veenendaal","Veenendaal","utrecht",NULL),
("veere","Veere","zeeland",NULL),
("veldhoven","Veldhoven","s-hertogenbosch",NULL),
("velsen","Velsen","haarlem",NULL),
("venlo","Venlo","venlo",NULL),
("venray","Venray","venlo",NULL),
("vijfheerenlanden","Vijfheerenlanden","utrecht",NULL),
("vlaardingen","Vlaardingen","dordrecht",NULL),
("vlieland","Vlieland","fryslan",NULL),
("vlissingen","Vlissingen","zeeland",NULL),
("voerendaal","Voerendaal","maastricht",NULL),
("voorne-aan-zee","Voorne aan Zee","dordrecht",NULL),
("voorschoten","Voorschoten","leiden",NULL),
("voorst","Voorst","arnhem",NULL),
("vught","Vught","s-hertogenbosch",NULL),
("waadhoeke","Waadhoeke","fryslan",NULL),
("waalre","Waalre","s-hertogenbosch",NULL),
("waalwijk","Waalwijk","tilburg",NULL),
("waddinxveen","Waddinxveen","leiden",NULL),
("wageningen","Wageningen","arnhem",NULL),
("wassenaar","Wassenaar","leiden",NULL),
("waterland","Waterland","den-helder",NULL),
("weert","Weert","venlo",NULL),
("west-betuwe","West Betuwe","nijmegen",NULL),
("west-maas-en-waal","West Maas en Waal","nijmegen",NULL),
("westerkwartier","Westerkwartier","groningen",NULL),
("westerveld","Westerveld","drenthe",NULL),
("westervoort","Westervoort","arnhem",NULL),
("westerwolde","Westerwolde","groningen",NULL),
("westland","Westland","dordrecht",NULL),
("weststellingwerf","Weststellingwerf","fryslan",NULL),
("wierden","Wierden","overijssel",NULL),
("wijchen","Wijchen","nijmegen",NULL),
("wijdemeren","Wijdemeren","haarlem",NULL),
("wijk-bij-duurstede","Wijk bij Duurstede","utrecht",NULL),
("winterswijk","Winterswijk","arnhem",NULL),
("woensdrecht","Woensdrecht","tilburg",NULL),
("woerden","Woerden","utrecht",NULL),
("wormerland","Wormerland","den-helder",NULL),
("woudenberg","Woudenberg","utrecht",NULL),
("zaanstad","Zaanstad","den-helder",NULL),
("zaltbommel","Zaltbommel","nijmegen",NULL),
("zandvoort","Zandvoort","haarlem",NULL),
("zeewolde","Zeewolde","flevoland",NULL),
("zeist","Zeist","utrecht",NULL),
("zevenaar","Zevenaar","arnhem",NULL),
("zoetermeer","Zoetermeer","leiden",NULL),
("zoeterwoude","Zoeterwoude","leiden",NULL),
("zuidplas","Zuidplas","leiden",NULL),
("zundert","Zundert","tilburg",NULL),
("zutphen","Zutphen","arnhem",NULL),
("zwartewaterland","Zwartewaterland","overijssel",NULL),
("zwijndrecht","Zwijndrecht","dordrecht",NULL),
("zwolle","Zwolle","overijssel",NULL);
